,Ana Pinzon Dep 1:RASI,,Ana Pinzon Dep 1:RPSI,,Ana Pinzon Dep 1:RTHI,,Ana Pinzon Dep 1:RKNE,,Ana Pinzon Dep 1:RTIB,,Ana Pinzon Dep 1:RANK,,Ana Pinzon Dep 1:RHEE,,Ana Pinzon Dep 1:RTOE,
Frame,X,Z,X,Z,X,Z,X,Z,X,Z,X,Z,X,Z,X,Z
,mm,mm,mm,mm,mm,mm,mm,mm,mm,mm,mm,mm,mm,mm,mm,mm
1,-185.805222,1276.78064,-385.275116,1286.569336,-256.33905,969.292358,-284.929047,811.343933,-328.129395,618.91925,-344.571289,422.935791,-395.035339,390.699677,-184.124191,380.456696
2,-185.464706,1276.657471,-380.50238,1280.904785,-255.870132,969.24176,-284.527069,811.302063,-327.907776,618.882324,-344.545593,422.948608,-395.03421,390.706055,-184.115616,380.399597
3,-185.126099,1276.539551,-376.633087,1276.314087,-255.40361,969.191223,-284.151917,811.276794,-327.691986,618.851013,-344.521576,422.959564,-395.033691,390.7117,-184.111008,380.357513
4,-184.789307,1276.427124,-373.661255,1272.790283,-254.939468,969.14093,-283.803558,811.267761,-327.481903,618.825195,-344.499207,422.968689,-395.033722,390.716583,-184.110245,380.329987
5,-184.454361,1276.320435,-371.56958,1270.312012,-254.477646,969.091003,-283.481781,811.273499,-327.277161,618.804932,-344.47821,422.976135,-395.034332,390.720734,-184.112854,380.315796
6,-184.121384,1276.220215,-370.322296,1268.836426,-254.018219,969.041443,-283.186035,811.29187,-327.077026,618.789917,-344.458466,422.982056,-395.035645,390.724091,-184.118027,380.312714
7,-183.790649,1276.126587,-369.859497,1268.290894,-253.56134,968.99292,-282.915131,811.318787,-326.880432,618.77948,-344.439453,422.986908,-395.03772,390.726654,-184.124664,380.317505
8,-183.462845,1276.041138,-370.093689,1268.569824,-253.107605,968.945801,-282.666931,811.349548,-326.68573,618.773132,-344.420624,422.990967,-395.040497,390.728394,-184.13121,380.326233
9,-183.13916,1275.964722,-370.9104,1269.535767,-252.658005,968.900757,-282.438019,811.378601,-326.490967,618.769714,-344.401428,422.994904,-395.044067,390.729309,-184.136002,380.334656
10,-182.821487,1275.898193,-372.172791,1271.024048,-252.214279,968.858521,-282.223846,811.399963,-326.294098,618.768127,-344.381226,422.999207,-395.04834,390.729401,-184.137466,380.338623
11,-182.512543,1275.842773,-373.730316,1272.853394,-251.7789,968.820068,-282.018921,811.408508,-326.092712,618.767212,-344.359467,423.004333,-395.053223,390.728638,-184.13414,380.334839
12,-182.215775,1275.798828,-375.429749,1274.839722,-251.355148,968.786316,-281.817047,811.40033,-325.884888,618.765259,-344.335571,423.010712,-395.058594,390.727203,-184.125061,380.321075
13,-181.93541,1275.766235,-377.127655,1276.810791,-250.946884,968.757935,-281.612091,811.373352,-325.668671,618.760986,-344.309204,423.018524,-395.064301,390.724945,-184.109894,380.29657
14,-181.676117,1275.745117,-378.701965,1278.618774,-250.558411,968.735596,-281.398682,811.327515,-325.442749,618.753357,-344.279907,423.02771,-395.070129,390.722076,-184.088898,380.26178
15,-181.44278,1275.734497,-380.060638,1280.15271,-250.193924,968.719543,-281.172974,811.265076,-325.206512,618.741333,-344.247162,423.037994,-395.076202,390.718445,-184.062988,380.218597
16,-181.240173,1275.733276,-381.146973,1281.343018,-249.857117,968.709717,-280.932922,811.190308,-324.959808,618.724548,-344.210297,423.048737,-395.08252,390.714111,-184.0336,380.169739
17,-181.07251,1275.739746,-381.940247,1282.162964,-249.550507,968.705383,-280.678772,811.108521,-324.703156,618.702759,-344.168579,423.05896,-395.089233,390.708923,-184.002609,380.118591
18,-180.943192,1275.752563,-382.452271,1282.625854,-249.27504,968.705322,-280.412811,811.026184,-324.437683,618.676514,-344.120911,423.067627,-395.09668,390.702789,-183.971924,380.068512
19,-180.854477,1275.769653,-382.720947,1282.774902,-249.029724,968.707642,-280.138916,810.949097,-324.164825,618.646362,-344.066254,423.073547,-395.105255,390.695496,-183.943527,380.022705
20,-180.807327,1275.790161,-382.801147,1282.675537,-248.811417,968.7099,-279.861755,810.882385,-323.886414,618.613464,-344.003479,423.075684,-395.115295,390.686798,-183.918976,379.983795
21,-180.801331,1275.812866,-382.755829,1282.402344,-248.615112,968.70929,-279.586212,810.829956,-323.60434,618.579102,-343.93158,423.073151,-395.127106,390.676514,-183.899506,379.953522
22,-180.834824,1275.836792,-382.647034,1282.030396,-248.434097,968.702759,-279.316467,810.793762,-323.320435,618.54425,-343.85022,423.065491,-395.141022,390.66449,-183.885803,379.932953
23,-180.905045,1275.861938,-382.529541,1281.625977,-248.260834,968.687561,-279.055237,810.77417,-323.03653,618.510132,-343.759613,423.052704,-395.156982,390.650574,-183.87793,379.921997
24,-181.008347,1275.888428,-382.445709,1281.241943,-248.087753,968.661316,-278.803772,810.770081,-322.75412,618.477539,-343.660767,423.035339,-395.174805,390.634796,-183.875519,379.919983
25,-181.140686,1275.916992,-382.423889,1280.913818,-247.907974,968.622559,-278.561432,810.779419,-322.474701,618.44696,-343.555573,423.014435,-395.194031,390.617523,-183.877731,379.925201
26,-181.297729,1275.948364,-382.47818,1280.661377,-247.716415,968.571045,-278.326263,810.799194,-322.199432,618.41864,-343.446625,422.99118,-395.21402,390.59903,-183.883469,379.935486
27,-181.475342,1275.983887,-382.610413,1280.488647,-247.510193,968.508057,-278.095215,810.826538,-321.929474,618.392517,-343.337006,422.967224,-395.233948,390.580048,-183.891403,379.948303
28,-181.669632,1276.024658,-382.81308,1280.388916,-247.289078,968.43573,-277.864838,810.858887,-321.665802,618.36853,-343.229919,422.943909,-395.253113,390.561249,-183.900101,379.961121
29,-181.877365,1276.071777,-383.07254,1280.347412,-247.055573,968.358093,-277.631927,810.894104,-321.409241,618.346008,-343.128357,422.922546,-395.27066,390.543396,-183.908325,379.971741
30,-182.095779,1276.126343,-383.372498,1280.345947,-246.814499,968.279724,-277.39389,810.930786,-321.160736,618.325073,-343.034698,422.904175,-395.286011,390.527313,-183.914978,379.978607
31,-182.32283,1276.189087,-383.696289,1280.365356,-246.572556,968.205994,-277.149048,810.967896,-320.920929,618.305237,-342.950653,422.889343,-395.298767,390.513611,-183.919235,379.981323
32,-182.5569,1276.260254,-384.029327,1280.388672,-246.337387,968.142456,-276.897156,811.00531,-320.69046,618.286987,-342.877045,422.878601,-395.308807,390.502808,-183.920731,379.980469
33,-182.796875,1276.339844,-384.360077,1280.403198,-246.116913,968.094177,-276.639038,811.042847,-320.469696,618.270508,-342.813995,422.872192,-395.316101,390.495087,-183.919373,379.977661
34,-183.041946,1276.427612,-384.680328,1280.400146,-245.918442,968.065491,-276.376465,811.08075,-320.25885,618.256653,-342.7612,422.870392,-395.320953,390.490662,-183.915436,379.974976
35,-183.291428,1276.522583,-384.985321,1280.375732,-245.747986,968.059631,-276.111938,811.119202,-320.057709,618.246277,-342.717896,422.873749,-395.323608,390.489197,-183.909409,379.974335
36,-183.544708,1276.624023,-385.27301,1280.329712,-245.609802,968.078552,-275.848267,811.158386,-319.865845,618.24054,-342.683472,422.882721,-395.324493,390.490387,-183.90184,379.977081
37,-183.801163,1276.730225,-385.543182,1280.265503,-245.506088,968.12262,-275.588196,811.198242,-319.682373,618.240295,-342.65741,422.898041,-395.324005,390.493683,-183.893341,379.983459
38,-184.059967,1276.839478,-385.797028,1280.188965,-245.436981,968.190979,-275.333984,811.238708,-319.506104,618.246704,-342.639496,422.920441,-395.322388,390.498505,-183.884247,379.99234
39,-184.320175,1276.950317,-386.036133,1280.106934,-245.400589,968.281311,-275.087158,811.27948,-319.335693,618.260254,-342.629486,422.950348,-395.319977,390.504242,-183.874908,380.001587
40,-184.58075,1277.060913,-386.262146,1280.026733,-245.393341,968.390503,-274.848267,811.320068,-319.169556,618.281128,-342.627319,422.987976,-395.317047,390.510223,-183.865372,380.00827
41,-184.840317,1277.169189,-386.47644,1279.9552,-245.410355,968.514465,-274.616882,811.359863,-319.005981,618.308655,-342.632629,423.032776,-395.313843,390.516022,-183.855667,380.009521
42,-185.097549,1277.273804,-386.679932,1279.898315,-245.445816,968.648499,-274.391663,811.398254,-318.843384,618.342163,-342.644714,423.083923,-395.310638,390.521179,-183.845779,380.003021
43,-185.3508,1277.372681,-386.873199,1279.860107,-245.493439,968.78772,-274.170319,811.434326,-318.680389,618.379883,-342.662567,423.139801,-395.307709,390.52533,-183.835709,379.987701
44,-185.598465,1277.464966,-387.056366,1279.843628,-245.54689,968.927429,-273.950073,811.46698,-318.515594,618.419861,-342.684631,423.198547,-395.305389,390.528503,-183.825607,379.963806
45,-185.83873,1277.549438,-387.229523,1279.849365,-245.600113,969.06311,-273.727875,811.495667,-318.348206,618.459717,-342.708984,423.257965,-395.303833,390.530548,-183.81572,379.933197
46,-186.069748,1277.625366,-387.392578,1279.876831,-245.647751,969.190857,-273.500671,811.519348,-318.177368,618.496765,-342.733551,423.316071,-395.303345,390.531647,-183.806412,379.898804
47,-186.289597,1277.692017,-387.545349,1279.923828,-245.685226,969.307495,-273.2659,811.537476,-318.002869,618.528809,-342.756378,423.370972,-395.303864,390.531982,-183.798157,379.864288
48,-186.496307,1277.749146,-387.687683,1279.987061,-245.709076,969.410767,-273.021576,811.549988,-317.824585,618.553467,-342.775604,423.421326,-395.305573,390.531799,-183.791565,379.833374
49,-186.68782,1277.796753,-387.819305,1280.06311,-245.716888,969.499084,-272.766541,811.556763,-317.642578,618.569153,-342.789856,423.466339,-395.308319,390.531372,-183.787186,379.809326
50,-186.862137,1277.834595,-387.939819,1280.148315,-245.707397,969.57196,-272.500549,811.558289,-317.457214,618.57489,-342.798279,423.505707,-395.312042,390.530914,-183.785507,379.794617
51,-187.017166,1277.862915,-388.04837,1280.239136,-245.680374,969.629456,-272.224365,811.555359,-317.268982,618.570496,-342.800476,423.539642,-395.316528,390.530548,-183.786972,379.790558
52,-187.150864,1277.881104,-388.14389,1280.33313,-245.636475,969.672119,-271.939606,811.549011,-317.07843,618.556519,-342.796539,423.568665,-395.321747,390.530365,-183.791779,379.797058
53,-187.2612,1277.889404,-388.224731,1280.429199,-245.577087,969.701355,-271.64859,811.540161,-316.886353,618.533997,-342.786987,423.593567,-395.327545,390.530304,-183.79985,379.812988
54,-187.346115,1277.887085,-388.288574,1280.527344,-245.504105,969.718201,-271.354034,811.53009,-316.693542,618.5047,-342.772797,423.615295,-395.333832,390.530243,-183.810867,379.835907
55,-187.403641,1277.874023,-388.332825,1280.629028,-245.419739,969.724304,-271.059021,811.519836,-316.500977,618.470703,-342.754974,423.634705,-395.340515,390.529907,-183.824203,379.862823
56,-187.431763,1277.849121,-388.354187,1280.737061,-245.326218,969.721008,-270.766602,811.510132,-316.30957,618.434265,-342.73465,423.652557,-395.347656,390.529144,-183.838959,379.890228
57,-187.428543,1277.811768,-388.349182,1280.85498,-245.225693,969.709717,-270.479706,811.501404,-316.120575,618.3974,-342.713043,423.669647,-395.355194,390.527802,-183.854126,379.914825
58,-187.392044,1277.761353,-388.314087,1280.987183,-245.120087,969.691772,-270.200897,811.49353,-315.93512,618.362183,-342.691345,423.686523,-395.363098,390.525909,-183.868622,379.933533
59,-187.320282,1277.697021,-388.245239,1281.138428,-245.010895,969.668518,-269.93222,811.486328,-315.754364,618.3302,-342.670532,423.703766,-395.371277,390.523499,-183.881424,379.944336
60,-187.211319,1277.61853,-388.139069,1281.312744,-244.899155,969.641235,-269.67514,811.478943,-315.579437,618.30249,-342.651459,423.72168,-395.3797,390.520813,-183.891754,379.946075
61,-187.063263,1277.525269,-387.99231,1281.51355,-244.785416,969.611023,-269.430542,811.470642,-315.411316,618.279907,-342.634827,423.74057,-395.388062,390.518188,-183.899231,379.938965
62,-186.874313,1277.417725,-387.802368,1281.743652,-244.669678,969.579224,-269.19873,811.460327,-315.250732,618.263,-342.621033,423.76062,-395.396301,390.515991,-183.903702,379.924133
63,-186.642792,1277.296143,-387.566925,1282.003784,-244.551376,969.546692,-268.979309,811.447144,-315.098145,618.251831,-342.61026,423.78183,-395.404083,390.514496,-183.905548,379.903809
64,-186.367218,1277.161133,-387.284363,1282.293335,-244.429382,969.514221,-268.771484,811.430298,-314.953583,618.246277,-342.60257,423.80423,-395.411285,390.513977,-183.90538,379.88092
65,-186.04628,1277.013428,-386.953674,1282.610718,-244.301987,969.481995,-268.573883,811.409729,-314.816833,618.246033,-342.597656,423.827484,-395.417755,390.514648,-183.904129,379.85849
66,-185.679108,1276.854248,-386.574371,1282.953003,-244.166855,969.449768,-268.384735,811.385498,-314.686951,618.250732,-342.595154,423.851501,-395.423523,390.516357,-183.902786,379.8396
67,-185.264999,1276.684937,-386.146271,1283.31604,-244.021088,969.416626,-268.201874,811.358521,-314.562805,618.259949,-342.594452,423.875793,-395.428711,390.519135,-183.90239,379.826599
68,-184.803787,1276.506348,-385.669769,1283.694946,-243.861176,969.380859,-268.022949,811.329651,-314.442505,618.273254,-342.594879,423.900177,-395.433533,390.522858,-183.903732,379.821136
69,-184.295547,1276.319824,-385.145264,1284.085205,-243.68309,969.34021,-267.845093,811.300537,-314.323944,618.290039,-342.595734,423.924316,-395.438354,390.527405,-183.90741,379.823517
70,-183.740829,1276.126465,-384.573578,1284.481812,-243.482315,969.291809,-267.665222,811.272278,-314.204315,618.309631,-342.596161,423.948029,-395.44342,390.532654,-183.913452,379.832672
71,-183.14035,1275.927246,-383.955383,1284.880005,-243.254044,969.232483,-267.479706,811.245972,-314.080627,618.331177,-342.595551,423.971191,-395.449036,390.538666,-183.921585,379.846466
72,-182.495193,1275.722778,-383.291595,1285.276001,-242.993286,969.159485,-267.284668,811.22229,-313.949554,618.354126,-342.593018,423.993927,-395.455414,390.545441,-183.930984,379.861542
73,-181.806488,1275.51355,-382.582977,1285.666382,-242.695129,969.069885,-267.075623,811.201294,-313.807678,618.377502,-342.587952,424.016296,-395.462524,390.553101,-183.940399,379.873993
74,-181.075562,1275.300171,-381.830383,1286.047974,-242.355087,968.961914,-266.8479,811.181946,-313.65152,618.400452,-342.579803,424.038574,-395.470154,390.561646,-183.948364,379.879852
75,-180.303604,1275.082764,-381.034576,1286.418335,-241.969299,968.834656,-266.596375,811.163086,-313.477905,618.422363,-342.568146,424.061005,-395.477966,390.571014,-183.953369,379.875824
76,-179.491714,1274.861572,-380.196411,1286.775513,-241.53479,968.688477,-266.31604,811.142639,-313.283875,618.442627,-342.552704,424.083771,-395.485596,390.581116,-183.953995,379.859467
77,-178.640808,1274.636963,-379.316711,1287.117554,-241.049774,968.524902,-266.001892,811.118408,-313.067108,618.460938,-342.533356,424.107025,-395.492676,390.591522,-183.949203,379.829956
78,-177.751633,1274.408691,-378.396362,1287.443115,-240.513702,968.346924,-265.649658,811.088257,-312.825989,618.477112,-342.510223,424.130829,-395.498718,390.601898,-183.938431,379.787811
79,-176.824493,1274.177246,-377.436188,1287.75061,-239.927338,968.158081,-265.255615,811.050232,-312.559387,618.491089,-342.483612,424.155182,-395.503693,390.611694,-183.921738,379.735138
80,-175.859573,1273.942139,-376.437103,1288.038452,-239.292587,967.962463,-264.817047,811.002869,-312.267059,618.503418,-342.453918,424.180023,-395.507568,390.620392,-183.899887,379.675262
81,-174.856689,1273.703613,-375.399872,1288.305908,-238.612259,967.764526,-264.332214,810.945312,-311.949249,618.513977,-342.421844,424.205353,-395.510651,390.627441,-183.874191,379.612122
82,-173.815552,1273.46167,-374.325165,1288.551514,-237.889664,967.568115,-263.800018,810.877563,-311.606567,618.523193,-342.38797,424.231201,-395.513245,390.632538,-183.846375,379.549713
83,-172.735641,1273.216553,-373.213562,1288.774902,-237.128006,967.376465,-263.21994,810.7995,-311.239502,618.53064,-342.352997,424.257599,-395.516083,390.635468,-183.818497,379.491913
84,-171.616531,1272.96814,-372.065399,1288.97522,-236.329865,967.191772,-262.591309,810.711609,-310.848419,618.535522,-342.317352,424.284912,-395.519836,390.6362,-183.79277,379.442108
85,-170.457748,1272.716675,-370.880768,1289.15271,-235.496628,967.014771,-261.912537,810.614441,-310.432709,618.536621,-342.281403,424.313293,-395.52536,390.634918,-183.771271,379.40274
86,-169.25914,1272.46228,-369.659607,1289.307739,-234.62767,966.845398,-261.180756,810.507874,-309.990631,618.531738,-342.245117,424.343231,-395.533569,390.631805,-183.756012,379.375641
87,-168.020798,1272.205078,-368.401703,1289.44043,-233.720062,966.681824,-260.390869,810.391479,-309.51886,618.518616,-342.208191,424.374817,-395.545227,390.626953,-183.748718,379.361877
88,-166.74321,1271.945679,-367.10675,1289.551636,-232.768112,966.521667,-259.535034,810.263672,-309.012268,618.493835,-342.1698,424.408234,-395.561096,390.620544,-183.750916,379.361816
89,-165.427338,1271.684692,-365.774445,1289.641602,-231.76329,966.361633,-258.602386,810.122498,-308.463501,618.454529,-342.128632,424.443329,-395.581696,390.61261,-183.763718,379.375366
90,-164.074707,1271.422119,-364.404663,1289.711304,-230.694122,966.197998,-257.578796,809.964539,-307.863556,618.397278,-342.083099,424.479797,-395.6073,390.602997,-183.787918,379.401611
91,-162.687241,1271.158813,-362.997498,1289.76062,-229.546768,966.026978,-256.447266,809.785828,-307.201508,618.319519,-342.030853,424.516876,-395.637756,390.591858,-183.823822,379.439148
92,-161.267441,1270.895142,-361.553406,1289.788818,-228.305374,965.844543,-255.188339,809.581909,-306.465118,618.218933,-341.96936,424.553864,-395.672485,390.579132,-183.871185,379.485382
93,-159.8181,1270.630981,-360.073029,1289.795288,-226.952927,965.647095,-253.781052,809.347961,-305.641541,618.094482,-341.895782,424.590027,-395.71048,390.565247,-183.929016,379.536926
94,-158.342133,1270.366211,-358.557587,1289.777954,-225.472137,965.430908,-252.203766,809.079102,-304.717804,617.945862,-341.807068,424.624756,-395.750092,390.550903,-183.995636,379.589417
95,-156.842514,1270.10022,-357.008362,1289.735107,-223.846436,965.192566,-250.435471,808.770813,-303.681854,617.773499,-341.700012,424.65802,-395.789398,390.537415,-184.068542,379.637756
96,-155.321884,1269.831665,-355.42688,1289.663574,-222.060944,964.928528,-248.457001,808.419312,-302.523102,617.578735,-341.571655,424.69046,-395.825958,390.526306,-184.144653,379.676422
97,-153.782257,1269.55835,-353.814423,1289.560425,-220.103439,964.635315,-246.252151,808.021118,-301.233459,617.363586,-341.419098,424.723389,-395.857208,390.519775,-184.220291,379.700195
98,-152.224838,1269.277222,-352.171844,1289.422485,-217.965149,964.309143,-243.808716,807.574219,-299.807831,617.129822,-341.239685,424.758972,-395.880554,390.520294,-184.291504,379.704437
99,-150.649612,1268.984253,-350.499329,1289.246216,-215.641357,963.945984,-241.119324,807.076782,-298.244446,616.879395,-341.03125,424.799988,-395.893311,390.53064,-184.354355,379.686035
100,-149.055115,1268.674561,-348.796143,1289.027832,-213.131989,963.541504,-238.182053,806.527771,-296.545593,616.613831,-340.791962,424.849548,-395.893036,390.553741,-184.405182,379.643311
101,-147.438278,1268.342896,-347.060059,1288.764038,-210.441849,963.091431,-235.0009,805.926758,-294.717468,616.333862,-340.520508,424.910736,-395.877716,390.592377,-184.440857,379.576691
102,-145.794357,1267.983032,-345.287506,1288.451416,-207.580597,962.591492,-231.586151,805.273193,-292.77002,616.039612,-340.216125,424.986084,-395.845642,390.649231,-184.458984,379.488159
103,-144.117035,1267.589111,-343.473389,1288.08728,-204.562805,962.037842,-227.954544,804.566772,-290.71698,615.730896,-339.879028,425.077332,-395.795807,390.726562,-184.457993,379.381195
104,-142.398499,1267.154907,-341.611267,1287.668213,-201.407471,961.427917,-224.129379,803.807556,-288.574921,615.406616,-339.510071,425.184875,-395.727753,390.825928,-184.437119,379.260101
105,-140.629913,1266.676147,-339.693451,1287.192261,-198.137466,960.76001,-220.140411,802.995483,-286.362915,615.066284,-339.111267,425.30777,-395.641754,390.947815,-184.396423,379.12915
106,-138.802002,1266.14917,-337.711792,1286.657104,-194.778473,960.034424,-216.023636,802.131653,-284.101257,614.709473,-338.685638,425.44397,-395.538849,391.091675,-184.336502,378.992249
107,-136.90564,1265.572021,-335.65799,1286.061279,-191.357941,959.253479,-211.82045,801.217773,-281.810242,614.336975,-338.237122,425.590546,-395.420563,391.255341,-184.258255,378.852051
108,-134.932648,1264.946045,-333.524658,1285.404663,-187.903366,958.421509,-207.576294,800.257874,-279.508972,613.950562,-337.770508,425.74408,-395.288849,391.435638,-184.162643,378.709412
109,-132.876678,1264.274414,-331.305939,1284.687988,-184.440598,957.545593,-203.33847,799.257812,-277.213562,613.553894,-337.29068,425.901947,-395.145844,391.628418,-184.050385,378.563232
110,-130.733963,1263.5625,-328.998566,1283.913208,-180.991776,956.634399,-199.153442,798.226318,-274.935699,613.152222,-336.80191,426.062531,-394.992889,391.82959,-183.921631,378.410278
111,-128.504044,1262.81897,-326.602295,1283.083984,-177.573364,955.69873,-195.062912,797.174988,-272.680908,612.752258,-336.30722,426.226471,-394.830536,392.036499,-183.776031,378.245575
112,-126.190186,1262.053223,-324.120728,1282.205566,-174.194626,954.750427,-191.09996,796.117981,-270.447815,612.361816,-335.80719,426.397156,-394.657745,392.249481,-183.61264,378.062683
113,-123.799782,1261.276367,-321.561401,1281.28418,-170.856201,953.802063,-187.284851,795.071411,-268.227081,611.988464,-335.299286,426.581207,-394.471283,392.473969,-183.430222,377.854767
114,-121.344109,1260.499146,-318.935699,1280.328125,-167.549973,952.865845,-183.621628,794.052612,-266.001587,611.639587,-334.77713,426.788361,-394.265778,392.721405,-183.227722,377.615143
115,-118.837959,1259.731079,-316.258453,1279.346069,-164.259644,951.952637,-180.096024,793.077881,-263.747345,611.319885,-334.230621,427.031006,-394.033447,393.010773,-183.004715,377.338409
116,-116.298683,1258.979614,-313.54718,1278.347656,-160.962677,951.071106,-176.675415,792.161316,-261.435516,611.031616,-333.646362,427.322998,-393.764801,393.367493,-182.762283,377.020874
117,-113.745102,1258.248657,-310.820831,1277.342651,-157.633316,950.226685,-173.311264,791.312988,-259.035034,610.772461,-333.008484,427.678009,-393.449402,393.822205,-182.50325,376.661224
118,-111.195915,1257.538818,-308.098206,1276.341431,-154.246826,949.420715,-169.944412,790.536316,-256.516479,610.536133,-332.300903,428.107361,-393.077148,394.406738,-182.232864,376.260254
119,-108.668022,1256.845459,-305.396576,1275.354004,-150.784058,948.650452,-166.512817,789.828308,-253.856415,610.311523,-331.509155,428.617462,-392.639893,395.149719,-181.95874,375.820801
120,-106.174721,1256.161377,-302.729828,1274.390747,-147.236588,947.909241,-162.961182,789.177979,-251.041626,610.083496,-330.623322,429.208099,-392.13324,396.070892,-181.690521,375.347076
121,-103.72406,1255.475342,-300.106689,1273.461914,-143.610916,947.187073,-159.25145,788.56781,-248.073273,609.835144,-329.640625,429.870605,-391.557892,397.175995,-181.439362,374.844147
122,-101.317345,1254.775879,-297.529572,1272.579834,-139.931793,946.472717,-155.372498,787.97583,-244.970337,609.549255,-328.567444,430.587646,-390.921356,398.452454,-181.216858,374.317444
123,-98.948105,1254.052124,-294.993469,1271.757568,-136.243607,945.756165,-151.347641,787.37915,-241.771057,609.211731,-327.420837,431.334137,-390.237915,399.868286,-181.033798,373.772308
124,-96.601631,1253.297241,-292.485199,1271.012085,-132.609207,945.03125,-147.23848,786.757874,-238.533203,608.814636,-326.228638,432.079834,-389.528931,401.373322,-180.899063,373.21402
125,-94.25515,1252.51062,-289.984009,1270.363281,-129.106415,944.299316,-143.144043,786.101013,-235.331726,608.359924,-325.028198,432.793213,-388.820709,402.904572,-180.818375,372.647308
126,-91.878738,1251.701782,-287.461945,1269.837036,-125.821991,943.572205,-139.194473,785.411072,-232.254395,607.862122,-323.863312,433.446289,-388.142273,404.394196,-180.793564,372.076508
127,-89.436974,1250.891724,-284.885345,1269.464355,-122.843468,942.874939,-135.540024,784.708679,-229.395477,607.350708,-322.77948,434.019897,-387.521393,405.780212,-180.822159,371.505127
128,-86.89119,1250.114624,-282.217133,1269.283447,-120.249725,942.247009,-132.335892,784.035522,-226.847504,606.871338,-321.818054,434.508362,-386.979767,407.017517,-180.897644,370.935394
129,-84.20237,1249.419189,-279.419067,1269.338257,-118.101418,941.743042,-129.724777,783.454956,-224.692459,606.484924,-321.009521,434.922729,-386.527802,408.08783,-181.009933,370.367462
130,-81.334267,1248.866943,-276.454437,1269.679565,-116.432167,941.430298,-127.819359,783.049744,-222.99263,606.265991,-320.366791,435.292542,-386.159332,409.007141,-181.146683,369.799316
131,-78.256599,1248.530273,-273.291321,1270.362671,-115.241806,941.386047,-126.686569,782.917725,-221.782089,606.298157,-319.879517,435.665009,-385.846832,409.829132,-181.294754,369.226013
132,-74.948174,1248.488647,-269.904633,1271.445801,-114.492493,941.692139,-126.335617,783.163635,-221.060013,606.669556,-319.509979,436.1026,-385.538269,410.64389,-181.442108,368.640381
133,-71.399323,1248.824219,-266.278839,1272.987183,-114.108208,942.42865,-126.711205,783.890198,-220.786331,607.466553,-319.192444,436.678619,-385.156281,411.572418,-181.57988,368.033966
134,-67.613724,1249.61499,-262.409149,1275.041626,-113.977859,943.667175,-127.692207,785.1875,-220.880264,608.766968,-318.835175,437.472443,-384.599731,412.757782,-181.704147,367.398987
135,-63.609161,1250.928345,-258.302734,1277.65686,-113.961624,945.463745,-129.096176,787.12262,-221.222214,610.633789,-318.326752,438.564697,-383.749451,414.354309,-181.817657,366.730865
136,-59.417274,1252.81543,-253.978256,1280.868896,-113.899925,947.852661,-130.688248,789.731079,-221.658737,613.109741,-317.545258,440.03302,-382.476807,416.516174,-181.930191,366.031921
137,-55.082001,1255.303589,-249.465042,1284.697021,-113.624077,950.84198,-132.194031,793.010132,-222.010788,616.212891,-316.370087,441.949188,-380.655304,419.38681,-182.057861,365.314087
138,-50.657009,1258.3927,-244.801483,1289.141113,-112.967522,954.410645,-133.314713,796.916077,-222.084015,619.934021,-314.694153,444.376862,-378.1745,423.088837,-182.220032,364.6026
139,-46.202206,1262.050415,-240.032181,1294.176636,-111.776855,958.508301,-133.744125,801.365234,-221.680695,624.235901,-312.435699,447.369751,-374.95282,427.71582,-182.433731,363.937103
140,-41.779495,1266.211914,-235.205292,1299.75293,-109.921638,963.056458,-133.186295,806.239319,-220.612366,629.053833,-309.546143,450.968597,-370.948792,433.32312,-182.7052,363.372498
141,-37.448299,1270.780029,-230.369263,1305.791748,-107.302475,967.953003,-131.373917,811.393188,-218.711761,634.297424,-306.013641,455.196716,-366.166718,439.919159,-183.018936,362.976318
142,-33.261024,1275.62854,-225.569885,1312.186279,-103.857071,973.077332,-128.086746,816.66687,-215.843597,639.854126,-301.859863,460.05246,-360.655701,447.455109,-183.325027,362.82373
143,-29.259014,1280.606812,-220.847382,1318.804199,-99.564156,978.296997,-123.169861,821.896912,-211.912994,645.592224,-297.130432,465.499664,-354.500366,455.813934,-183.526382,362.989532
144,-25.469263,1285.547119,-216.234253,1325.489624,-94.445091,983.473938,-116.550323,826.928894,-206.870773,651.364563,-291.880585,471.456085,-347.803802,464.800964,-183.468384,363.537354
145,-21.902159,1290.272461,-211.753662,1332.06897,-88.563339,988.471802,-108.25087,831.627197,-200.715836,657.012634,-286.156616,477.782562,-340.664703,474.137024,-182.933426,364.506287
146,-18.550501,1294.605225,-207.418579,1338.355713,-82.021675,993.160278,-98.398338,835.880981,-193.493805,662.369812,-279.978546,484.275085,-333.152496,483.459229,-181.642548,365.897888
147,-15.389822,1298.375854,-203.231277,1344.158691,-74.957352,997.419617,-87.224449,839.607361,-185.292648,667.264832,-273.325409,490.663025,-325.284851,492.330719,-179.267105,367.663818
148,-12.379977,1301.430054,-199.183731,1349.289185,-67.534805,1001.142517,-75.05719,842.747925,-176.235672,671.525696,-266.128601,496.61557,-317.012909,500.262604,-175.450333,369.69751
149,-9.467824,1303.636108,-195.258148,1353.569214,-59.936573,1004.234314,-62.301567,845.263,-166.472488,674.984314,-258.273712,501.758087,-308.218231,506.74707,-169.838379,371.831299
150,-6.590756,1304.888184,-191.427917,1356.839478,-52.352192,1006.612183,-49.410503,847.121887,-156.168869,677.480408,-249.613327,505.697784,-298.723969,511.299774,-162.118088,373.8414
151,-3.68075,1305.109375,-187.658569,1358.964844,-44.966015,1008.202454,-36.847992,848.292664,-145.496506,678.867126,-239.988342,508.056091,-288.318756,513.506653,-152.057114,375.460541
152,-0.668571,1304.252075,-183.909073,1359.840454,-37.944599,1008.937744,-25.048697,848.732544,-134.623505,679.016418,-229.255325,508.504333,-276.79248,513.067566,-139.540268,376.397583
153,2.512175,1302.294312,-180.133041,1359.395874,-31.424772,1008.754272,-14.378761,848.38147,-123.706253,677.824341,-217.315338,506.797028,-263.976044,509.830475,-124.596878,376.362244
154,5.921458,1299.237549,-176.280396,1357.594116,-25.503548,1007.589844,-5.103468,847.159424,-112.883324,675.215393,-204.139175,502.797363,-249.779755,503.80957,-107.413132,375.090912
155,9.609903,1295.100586,-172.29892,1354.432739,-20.230951,1005.381958,2.633812,844.969666,-102.271362,671.145508,-189.784286,496.491241,-234.222946,495.1828,-88.327156,372.369965
156,13.61663,1289.91333,-168.136841,1349.938354,-15.606659,1002.068542,8.81835,841.705261,-91.963264,665.602783,-174.40033,487.986145,-217.448532,484.26944,-67.805595,368.052185
157,17.967903,1283.710327,-163.745117,1344.161987,-11.580864,997.589233,13.555818,837.259338,-82.028015,658.60614,-158.221558,477.495178,-199.719879,471.489502,-46.40514,362.063446
158,22.67646,1276.525635,-159.080994,1337.170166,-8.059322,991.887817,17.050886,831.53717,-72.511971,650.20105,-141.547867,465.308533,-181.399231,457.312866,-24.723753,354.399078
159,27.741428,1268.385498,-154.111191,1329.036499,-4.912064,984.915527,19.576654,824.466553,-63.440926,640.453369,-124.716942,451.756683,-162.911179,442.204773,-3.349366,345.109863
160,33.148602,1259.306152,-148.815872,1319.831787,-1.984748,976.63446,21.440174,816.005493,-54.822536,629.441895,-108.072723,437.17041,-144.696854,426.576752,17.186661,334.281036
161,38.87096,1249.289795,-143.192078,1309.61438,0.888545,967.020386,22.949755,806.146057,-46.6488,617.250305,-91.935303,421.845184,-127.166969,410.750122,36.444645,322.009613
162,44.869232,1238.32312,-137.256973,1298.423828,3.872438,956.065186,24.388758,794.913513,-38.898319,603.959961,-76.577362,406.013184,-110.661514,394.935059,54.09621,308.384308
163,51.092472,1226.379272,-131.049911,1286.27356,7.118458,943.77771,25.99905,782.360046,-31.538364,589.645081,-62.210411,389.828186,-95.423454,379.22757,69.927345,293.473297
164,57.478615,1213.419189,-124.633369,1273.151245,10.755251,930.184509,27.974968,768.556702,-24.526886,574.3703,-48.982452,373.364044,-81.590569,363.621216,83.827141,277.324646
165,63.95512,1199.395996,-118.09211,1259.019653,14.881356,915.328003,30.466471,753.584229,-17.814573,558.192566,-36.986149,356.626587,-69.20668,348.029755,95.766884,259.978638
166,70.43985,1184.260864,-111.530502,1243.823975,19.560726,899.266479,33.588512,737.523743,-11.347121,541.165649,-26.274414,339.57608,-58.248875,332.31665,105.775497,241.492279
167,76.842278,1167.969971,-105.067963,1227.503174,24.820896,882.072571,37.432671,720.452637,-5.067811,523.349182,-16.878916,322.156372,-48.66478,316.325256,113.917198,221.970459
168,83.065285,1150.493042,-98.832611,1210.003784,30.653484,863.833801,42.077171,702.443909,1.079752,504.817963,-8.826476,304.326569,-40.410709,299.908447,120.27607,201.597275
169,89.007698,1131.822388,-92.953743,1191.296509,37.016708,844.653809,47.592358,683.57135,7.148847,485.673767,-2.148802,286.090271,-33.481598,282.95462,124.949409,180.660126
170,94.567467,1111.980835,-87.553513,1171.393677,43.839527,824.655457,54.040199,663.920166,13.187117,466.054749,3.117348,267.518646,-27.924719,265.409698,128.049652,159.558701
171,99.645699,1091.030029,-82.7388,1150.364014,51.027069,803.985229,61.46814,643.60083,19.234554,446.143005,6.940187,248.763535,-23.832762,247.295715,129.711929,138.793869
172,104.15107,1069.076416,-78.593903,1128.343384,58.467247,782.817993,69.899033,622.764832,25.32221,426.167633,9.311187,230.060379,-21.316534,228.724548,130.102783,118.93544
173,108.004608,1046.27478,-75.174957,1105.539307,66.038063,761.361511,79.320091,601.618042,31.471666,406.402222,10.267388,211.718948,-20.462692,209.906113,129.426102,100.570702
174,111.144325,1022.827881,-72.506783,1082.228882,73.615463,739.859253,89.673775,580.429626,37.695251,387.157104,9.912073,194.103821,-21.286209,191.148804,127.921898,84.241814
175,113.529259,998.982971,-70.582298,1058.747192,81.0811,718.589355,100.85331,559.53241,43.996708,368.765045,8.427961,177.606781,-23.689409,172.849396,125.856682,70.381897
176,115.142593,975.023926,-69.364807,1035.468262,88.329475,697.859619,112.704117,539.313477,50.37204,351.562622,6.078223,162.613693,-27.438879,155.471146,123.506065,59.261234
177,115.99337,951.259338,-68.792679,1012.781616,95.273827,677.996765,125.031609,520.194336,56.810246,335.867615,3.193038,149.470078,-32.167881,139.509216,121.13205,50.953884
178,116.116631,928.007996,-68.785889,991.064331,101.849937,659.329895,137.613647,502.60025,63.293667,321.955505,0.142448,138.448654,-37.406368,125.445831,118.959579,45.330959
179,115.571716,905.582275,-69.25338,970.652588,108.017616,642.169922,150.21611,486.923553,69.797844,310.036407,-2.700673,129.722824,-42.633987,113.69944,117.156853,42.082142
180,114.439102,884.270447,-70.100327,951.818359,113.759636,626.78595,162.608261,473.483887,76.291122,300.235931,-5.001417,123.348335,-47.34621,104.574715,115.823471,40.761246
181,112.815765,864.32135,-71.234375,934.751648,119.078117,613.380859,174.576187,462.491455,82.733902,292.581268,-6.50034,119.255783,-51.120441,98.220367,114.98848,40.847511
182,110.809792,845.931213,-72.569916,919.552002,123.989243,602.070312,185.932266,454.018311,89.078362,286.995209,-7.041171,117.254074,-53.669258,94.602249,114.618683,41.811596
183,108.534592,829.235107,-74.030182,906.230103,128.516891,592.868164,196.520264,447.983124,95.2686,283.299042,-6.584223,117.045128,-54.871216,93.496445,114.634888,43.175446
184,106.103729,814.303894,-75.547089,894.717773,132.686508,585.679321,206.216858,444.152008,101.241753,281.223877,-5.203785,118.24807,-54.774548,94.504913,114.932777,44.557125
185,103.626617,801.146606,-77.059143,884.887146,136.519867,580.305359,214.930344,442.157379,106.93013,280.430786,-3.070788,120.430824,-53.575493,97.092171,115.404083,45.695717
186,101.205849,789.720154,-78.508041,876.573547,140.031937,576.460327,222.598969,441.532715,112.264381,280.537476,-0.424472,123.145874,-51.577179,100.638916,115.954185,46.455383
187,98.93634,779.942078,-79.834999,869.601074,143.230194,573.79718,229.189804,441.758942,117.177376,281.148743,2.461697,125.966637,-49.138538,104.5056,116.513336,46.811371
188,96.906448,771.708496,-80.977051,863.806091,146.116394,571.942993,234.698883,442.318207,121.608322,281.888763,5.314347,128.520889,-46.622646,108.097794,117.040321,46.823544
189,95.200592,764.912598,-81.864426,859.057617,148.690262,570.537781,239.152649,442.746552,125.506638,282.431244,7.889985,130.517838,-44.352737,110.924889,117.518806,46.603603
190,93.903259,759.464478,-82.418785,855.270874,150.954849,569.273621,242.609283,442.680084,128.834763,282.525299,9.997045,131.766006,-42.58075,112.644974,117.948349,46.282288
191,93.103271,755.306885,-82.552818,852.414856,152.9216,567.928528,245.157852,441.888885,131.569824,282.013672,11.508851,132.180649,-41.470013,113.090439,118.332573,45.980885
192,92.897781,752.427917,-82.170692,850.512085,154.614914,566.391968,246.913879,440.2948,133.703232,280.843079,12.367915,131.780212,-41.090546,112.272186,118.667816,45.790115
193,93.394806,750.867859,-81.169312,849.633301,156.074112,564.676758,248.009445,437.97229,135.239136,279.065063,12.583315,130.672913,-41.423607,110.362961,118.935043,45.757175
194,94.713898,750.719238,-79.440224,849.887085,157.353119,562.919067,248.577438,435.133667,136.191116,276.828674,12.223561,129.036194,-42.371567,107.663536,119.097298,45.880836
195,96.983841,752.121155,-76.872002,851.406555,158.516739,561.363464,248.731369,432.101562,136.578552,274.365143,11.407407,127.091766,-43.769566,104.558113,119.104225,46.113632
196,100.337616,755.246094,-73.353477,854.335449,159.634415,560.336792,248.543472,429.273499,136.423325,271.967896,10.294433,125.080956,-45.397179,101.466171,118.903419,46.369987
197,104.904182,760.283508,-68.777878,858.813904,160.772522,560.214172,248.024933,427.083466,135.747559,269.968445,9.076324,123.243042,-46.989639,98.798531,118.457405,46.539448
198,110.797844,767.418396,-63.048378,864.966431,161.986343,561.380676,247.1138,425.965179,134.573471,268.712341,7.968692,121.800209,-48.249855,96.923721,117.76355,46.504276
199,118.105995,776.809753,-56.08527,872.892395,163.313889,564.193726,245.674652,426.320404,132.925812,268.535339,7.202377,120.950073,-48.863174,96.148346,116.872719,46.160576
200,126.876297,788.569641,-47.834637,882.658447,164.77301,568.949707,243.513779,428.493744,130.836426,269.742737,7.012658,120.865967,-48.51683,96.711731,115.902016,45.441647
201,137.104691,802.744934,-38.278301,894.294067,166.3629,575.858582,240.410446,432.755341,128.351013,272.592224,7.624933,121.703133,-46.925163,98.792473,115.036865,44.34156
202,148.725952,819.304138,-27.444046,907.789551,168.070511,585.028992,236.162003,439.289673,125.536354,277.281616,9.236124,123.608032,-43.860039,102.521797,114.518646,42.935879
203,161.607788,838.130188,-15.415024,923.094116,169.881287,596.463013,230.637192,448.189148,122.486732,283.94046,11.992426,126.727295,-39.183788,107.998436,114.616272,41.39587
204,175.549744,859.020081,-2.336752,940.11615,171.792465,610.06073,223.828827,459.451965,119.328194,292.626648,15.965596,131.213104,-32.880054,115.299805,115.583549,39.992565
205,190.288025,881.691223,11.579823,958.72345,173.826401,625.633606,215.89653,472.982452,116.218842,303.326569,21.131571,137.222519,-25.076315,124.486687,117.607086,39.087719
206,205.505493,905.794067,26.060566,978.742249,176.041367,642.922485,207.189453,488.594269,113.344551,315.958923,27.35614,144.910126,-16.051636,135.600998,120.753944,39.110474
207,220.847366,930.930115,40.7766,999.957947,178.536606,661.619629,198.242203,506.017395,110.909821,330.381409,34.392418,154.414612,-6.224434,148.658401,124.929306,40.520832
208,235.940918,956.672241,55.35915,1022.115356,181.450058,681.390015,189.740387,524.90979,109.124458,346.399841,41.893723,165.840851,3.882138,163.638657,129.855362,43.763641
209,250.417923,982.587158,69.420258,1044.920532,184.947021,701.891357,182.458557,544.874573,108.187469,363.778473,49.443123,179.241302,13.69532,180.477554,135.079803,49.218807
210,263.937653,1008.257263,82.577721,1068.044312,189.201279,722.791199,177.176605,565.482178,108.270119,382.251373,56.597656,194.598907,22.661953,199.06218,140.017792,57.154613
211,276.209015,1033.300049,94.482292,1091.130005,194.369919,743.778381,174.587189,586.297607,109.500458,401.534119,62.942341,211.81456,30.321426,219.230011,144.024902,67.69091
212,287.008759,1057.383179,104.84433,1113.803589,200.565781,764.572388,175.206665,606.909119,111.951363,421.334351,68.146042,230.700607,36.370003,240.770966,146.491638,80.77726
213,296.19519,1080.235718,113.457047,1135.689209,207.831985,784.926086,179.304077,626.955017,115.633614,441.361664,72.010445,250.981277,40.7047,263.430054,146.945129,96.189171
214,303.715332,1101.653809,120.213821,1156.427124,216.122452,804.628357,186.859024,646.14679,120.495049,461.334961,74.503372,272.299408,43.438164,286.908661,145.140884,113.542274
215,309.605591,1121.502075,125.117615,1175.695312,225.293045,823.502014,197.554794,664.282043,126.425743,480.988892,75.770401,294.229401,44.881104,310.863037,141.127502,132.322189
216,313.985809,1139.709106,128.281097,1193.229126,235.105164,841.4021,210.808609,681.248535,133.268265,500.07724,76.121742,316.294312,45.495235,334.902313,135.272034,151.925919
217,317.046875,1156.262451,129.917664,1208.842285,245.242752,858.213989,225.833878,697.016052,140.831894,518.375671,75.995987,337.987946,45.824894,358.5867,128.239777,171.709869
218,319.034454,1171.197266,130.323837,1222.44043,255.340881,873.85022,241.725723,711.619141,148.908463,535.682983,75.906143,358.799042,46.419731,381.431641,120.929848,191.039093
219,320.229065,1184.587524,129.85527,1234.029907,265.02243,888.249512,257.557251,725.132385,157.288513,551.821899,76.376183,378.238281,47.761932,402.920959,114.375252,209.33371
220,320.925323,1196.532837,128.898453,1243.716309,273.938141,901.374939,272.473358,737.644714,165.775452,566.640137,77.878174,395.866119,50.209976,422.53064,109.622192,226.107727
221,321.411835,1207.148926,127.841187,1251.696167,281.804321,913.212463,285.770813,749.233643,174.196838,580.011963,80.778976,411.319092,53.967342,439.764496,107.605774,240.997772
222,321.952942,1216.555908,127.044411,1258.236816,288.432465,923.76947,296.954254,759.946716,182.412079,591.840271,85.303925,424.332916,59.07893,454.196228,109.039787,253.7789
223,322.774139,1224.870239,126.818153,1263.652344,293.747559,933.07196,305.764252,769.791016,190.315842,602.058289,91.521484,434.758698,65.452797,465.514069,114.335846,264.366425
224,324.052002,1232.195557,127.403099,1268.272461,297.792145,941.161621,312.176178,778.732727,197.838287,610.632935,99.34903,442.570831,72.899857,473.558411,123.561714,272.804138
225,325.908173,1238.618286,128.959549,1272.411865,300.716217,948.09137,316.372681,786.704895,204.94223,617.565308,108.57682,447.863525,81.18161,478.345764,136.443604,279.240387
226,328.408478,1244.202271,131.563705,1276.339478,302.755005,953.920715,318.697601,793.622253,211.618179,622.891235,118.904541,450.8367,90.055634,480.072876,152.409668,283.895477
227,331.565918,1248.987183,135.211029,1280.256348,304.197693,958.710083,319.597687,799.398376,217.878662,626.679321,129.983597,451.771851,99.310349,479.098633,170.667511,287.025055
228,335.347137,1252.989014,139.825745,1284.27771,305.352783,962.515991,319.5625,803.962952,223.752136,629.026672,141.458679,451.000885,108.784225,475.904816,190.302597,288.884918
229,339.681641,1256.201172,145.274872,1288.425781,306.513428,965.386719,319.068512,807.274597,229.277649,630.053162,153.002975,448.87207,118.368874,471.041656,210.383942,289.701477
230,344.47226,1258.598389,151.385193,1292.633423,307.928497,967.359253,318.534912,809.328186,234.500458,629.893372,164.343964,445.716431,127.998917,465.065765,230.062363,289.652252
231,349.606384,1260.142456,157.960953,1296.752441,309.780914,968.457458,318.292603,810.155884,239.46904,628.68689,175.278244,441.820404,137.634567,458.480194,248.649323,288.857788
232,354.966919,1260.787109,164.801193,1300.57312,312.176453,968.69281,318.568665,809.820801,244.233215,626.569336,185.676361,437.405884,147.243149,451.685028,265.668427,287.384308
233,360.44165,1260.484985,171.714966,1303.844482,315.141937,968.065796,319.484863,808.407715,248.84343,623.662231,195.479675,432.620483,156.785309,444.946136,280.875916,285.254974
234,365.931702,1259.191284,178.533432,1306.298706,318.632233,966.567688,321.066284,806.010925,253.350342,620.065613,204.692078,427.537964,166.209473,438.383942,294.252563,282.466461
235,371.356628,1256.868774,185.118744,1307.674561,322.543793,964.184082,323.258545,802.721558,257.804779,615.851074,213.369492,422.166443,175.455338,431.983276,305.971069,279.005066
236,376.658386,1253.489868,191.369095,1307.735718,326.732056,960.896973,325.94812,798.61731,262.257385,611.057373,221.60849,416.462585,184.464951,425.619476,316.3479,274.860077
237,381.801636,1249.035645,197.220459,1306.287476,331.030273,956.685181,328.983917,793.754883,266.757324,605.688843,229.53598,410.348297,193.198196,419.095459,325.787537,270.030701
238,386.772614,1243.494873,202.645248,1303.1875,335.267426,951.525146,332.197754,788.165405,271.350769,599.715454,237.299179,403.72644,201.647949,412.18158,334.726837,264.525421
239,391.57547,1236.859619,207.648697,1298.348145,339.283875,945.389099,335.421906,781.852356,276.078064,593.07605,245.055374,396.493713,209.85112,404.652954,343.585144,258.354553
240,396.227173,1229.12146,212.263199,1291.737549,342.944122,938.24292,338.503723,774.79248,280.971252,585.683411,252.960327,388.548737,217.891739,396.317047,352.723724,251.518692
241,400.751404,1220.266724,216.541351,1283.372559,346.145538,930.044373,341.317657,766.936951,286.050873,577.430908,261.154205,379.795563,225.894348,387.029663,362.415863,243.995728
242,405.171814,1210.273315,220.548203,1273.310791,348.825256,920.741882,343.774994,758.214478,291.324036,568.202209,269.745056,370.143494,234.006927,376.698273,372.826843,235.731216
243,409.505615,1199.110107,224.352875,1261.639526,350.963409,910.276184,345.831818,748.534851,296.783234,557.881287,278.790192,359.505646,242.374313,365.273743,384.00351,226.636063
244,413.757996,1186.738647,228.020279,1248.46582,352.585327,898.584656,347.494995,737.795166,302.406738,546.364807,288.278412,347.798218,251.105423,352.734894,395.872559,216.59462
245,417.917938,1173.117554,231.602966,1233.90625,353.76123,885.609924,348.82724,725.887634,308.160767,533.574585,298.114868,334.943726,260.238464,339.070862,408.246704,205.484009
246,421.95575,1158.212158,235.134048,1218.081177,354.604736,871.311096,349.94928,712.711609,314.003418,519.470947,308.1138,320.87915,269.710114,324.266205,420.840027,193.204361
247,425.822845,1142.005005,238.621567,1201.111694,355.268768,855.678467,351.038605,698.189392,319.889496,504.064575,318.001526,305.570496,279.335297,308.294128,433.29187,179.715317
248,429.454163,1124.50769,242.044998,1183.119751,355.938995,838.749023,352.324219,682.285095,325.776672,487.427246,327.43277,289.031342,288.803864,291.121704,445.199371,165.072784
249,432.772217,1105.775391,245.354538,1164.234375,356.823914,820.62085,354.075592,665.025513,331.630829,469.698792,336.020691,271.343842,297.698944,272.728271,456.156189,149.45787
250,435.693512,1085.916992,248.473831,1144.597778,358.141724,801.463867,356.585449,646.519592,337.430664,451.089844,343.378754,252.677536,305.537964,253.135056,465.795105,133.190384
251,438.136383,1065.104248,251.306122,1124.373901,360.103912,781.525208,360.146881,626.972961,343.170349,431.878967,349.169769,233.301254,311.833557,232.441635,473.828583,116.720329
252,440.029144,1043.575073,253.743561,1103.757935,362.896484,761.12616,365.025116,606.69397,348.859192,412.403442,353.154877,213.584274,316.166321,210.860184,480.081909,100.595779
253,441.31842,1021.630737,255.67952,1082.980225,366.660492,740.651062,371.426697,586.088013,354.518463,393.044159,355.233734,193.983002,318.256927,188.739395,484.513824,85.408859
254,441.976349,999.62915,257.021759,1062.309204,371.473755,720.527405,379.469116,565.638184,360.175385,374.204956,355.468567,175.013046,318.023926,166.567886,487.220245,71.728142
255,442.005798,977.968689,257.705658,1042.046509,377.336029,701.198608,389.154236,545.873352,365.854248,356.287842,354.085571,157.208054,315.613007,144.951569,488.420349,60.028217
256,441.443298,957.069824,257.705658,1022.519104,384.160034,683.092957,400.350189,527.325378,371.5672,339.667053,351.451324,141.070511,311.390411,124.563538,488.426056,50.629658
257,440.358795,937.351318,257.042572,1004.063721,391.770935,666.591309,412.78537,510.482239,377.304596,324.663971,348.02771,127.020973,305.898163,106.072472,487.6008,43.660431
258,438.852448,919.205933,255.786423,987.009216,399.913574,651.998474,426.057159,495.741852,383.02774,311.525665,344.311066,115.353745,299.77887,90.060013,486.313538,39.046265
259,437.048706,902.976257,254.05365,971.65625,408.27005,639.521484,439.65567,483.375092,388.6651,300.409821,340.767395,106.206169,293.684021,76.943108,484.896057,36.531086
260,435.087738,888.934509,251.998749,958.25824,416.48407,629.257019,453.002991,473.502838,394.113373,291.377319,337.774048,99.546967,288.183746,66.916565,483.609314,35.722927
261,433.115753,877.266052,249.801483,947.004211,424.191498,621.191467,465.50235,466.091156,399.243042,284.393402,335.578552,95.185585,283.695679,59.928276,482.625122,36.155598
262,431.274811,868.061096,247.65123,938.007324,431.053253,615.210388,476.593201,460.965607,403.909393,279.33728,334.280731,92.801224,280.445038,55.692593,482.022247,37.354221
263,429.693176,861.312805,245.730515,931.299011,436.786346,611.11969,485.804596,457.841431,407.966217,276.018494,333.839478,91.986641,278.461365,53.739426,481.797699,38.893036
264,428.47702,856.921875,244.199631,926.829285,441.190308,608.671143,492.799896,456.365173,411.28186,274.197754,334.101196,92.299461,277.607666,53.489128,481.887329,40.436764
265,427.704956,854.709412,243.184372,924.473572,444.164886,607.592041,497.406982,456.160034,413.753998,273.610016,334.842194,93.312935,277.632935,54.338276,482.192413,41.761147
266,427.424744,854.432617,242.768265,924.044556,445.717499,607.612732,499.628937,456.868347,415.322235,273.986847,335.815765,94.658638,278.234161,55.740253,482.605225,42.752945
267,427.65332,855.805481,242.989639,925.306946,445.959106,608.488525,499.635345,458.184448,415.976044,275.075867,336.795471,96.05571,279.11499,57.266983,483.030365,43.393295
268,428.379303,858.518616,243.843674,927.994629,445.089447,610.015076,497.734711,459.874573,415.75708,276.654968,337.60788,97.323891,280.030457,58.643215,483.399017,43.730789
269,429.567596,862.259888,245.288437,931.826477,443.373352,612.034546,494.333496,461.782166,414.756226,278.541626,338.14978,98.380829,280.812622,59.750969,483.674561,43.851135
270,431.16568,866.731262,247.253952,936.522461,441.111664,614.4328,489.888245,463.820496,413.105103,280.595978,338.391296,99.226418,281.376831,60.607975,483.851471,43.849434
271,433.109955,871.663025,249.65242,941.816101,438.610168,617.13147,484.856873,465.955811,410.963745,282.718842,338.365631,99.918816,281.711884,61.327797,483.948395,43.809128
272,435.332764,876.822083,252.388443,947.463196,436.150513,620.075012,479.657104,468.186188,408.506439,284.846191,338.150757,100.547241,281.860016,62.071865,483.998596,43.789543
273,437.7677,882.017639,255.367935,953.249451,433.966309,623.216675,474.635132,470.520294,405.907166,286.941345,337.84729,101.206238,281.893707,63.003033,484.039948,43.821854
274,440.354218,887.101501,258.504822,958.992004,432.226837,626.507629,470.047546,472.960114,403.325897,288.986145,337.557495,101.975182,281.893402,64.248528,484.106232,43.911781
275,443.040344,891.965698,261.725067,964.541077,431.029968,629.888062,466.056427,475.490204,400.898529,290.972717,337.368164,102.904991,281.931396,65.876877,484.221466,44.046497
276,445.783966,896.537537,264.968567,969.778015,430.403717,633.284363,462.735809,478.073792,398.729462,292.896606,337.340118,104.012596,282.061371,67.890198,484.396851,44.203251
277,448.552979,900.773438,268.188477,974.612366,430.315063,636.611389,460.085602,480.655029,396.888794,294.752411,337.503845,105.282364,282.314941,70.230003,484.631226,44.357437
278,451.3237,904.652588,271.349426,978.978638,430.685028,639.777954,458.050934,483.165894,395.412445,296.531128,337.860809,106.672707,282.702759,72.79303,484.9133,44.48872
279,454.079437,908.170166,274.424896,982.83313,431.405609,642.695618,456.54187,485.535522,394.305756,298.219788,338.388977,108.12571,283.218353,75.452118,485.225037,44.584534
280,456.808289,911.332703,277.394806,986.151001,432.358124,645.287415,455.452393,487.699677,393.549438,299.802765,339.05072,109.57769,283.843445,78.077713,485.546051,44.640991
281,459.501251,914.154114,280.243256,988.923889,433.42865,647.496704,454.675842,489.608398,393.105988,301.263794,339.800751,110.968788,284.552795,80.555962,485.85675,44.661732
282,462.150543,916.652222,282.957672,991.15918,434.520325,649.292297,454.116913,491.231567,392.927063,302.588806,340.593903,112.250374,285.318573,82.801292,486.141541,44.655453
283,464.74881,918.847839,285.528625,992.878662,435.561157,650.67157,453.698761,492.560791,392.960297,303.768585,341.390869,113.389687,286.113678,84.76236,486.389954,44.633095
284,467.288513,920.763916,287.950317,994.118591,436.506561,651.659119,453.367157,493.608917,393.154816,304.800201,342.161591,114.371613,286.914337,86.421875,486.597534,44.605118
285,469.762054,922.424866,290.221649,994.929077,437.338898,652.303345,453.090607,494.406494,393.465424,305.688629,342.887238,115.197899,287.701813,87.791939,486.764862,44.579586
286,472.162018,923.857117,292.347656,995.373169,438.0625,652.669922,452.858185,494.997284,393.855408,306.44635,343.560059,115.884544,288.46402,88.90654,486.896698,44.561119
287,474.481842,925.088684,294.339935,995.525391,438.69809,652.834778,452.675354,495.432678,394.297394,307.092865,344.181946,116.458,289.195892,89.8134,487.000244,44.550678
288,476.716583,926.149597,296.216644,995.468201,439.275757,652.876526,452.558533,495.7659,394.773376,307.652924,344.762207,116.950935,289.89975,90.566559,487.083588,44.546101
289,478.863129,927.070801,298.001678,995.288513,439.828491,652.869263,452.529236,496.047455,395.273285,308.154388,345.31488,117.398056,290.583649,91.220657,487.154022,44.54303
290,480.920654,927.883667,299.722717,995.072693,440.387207,652.877869,452.608276,496.321472,395.79306,308.626038,345.856079,117.83252,291.26001,91.827057,487.217102,44.535988
291,482.890778,928.619324,301.408691,994.900879,440.977112,652.953186,452.810913,496.622955,396.33197,309.095123,346.401184,118.283058,291.942841,92.431587,487.275665,44.519455
292,484.777283,929.307007,303.086456,994.841614,441.615723,653.131348,453.142822,496.976959,396.890564,309.58551,346.962891,118.771957,292.644989,93.073219,487.329834,44.488674
293,486.585846,929.973389,304.77832,994.947388,442.312836,653.432739,453.59848,497.398865,397.468445,310.116058,347.549622,119.313995,293.375824,93.783058,487.377075,44.440289
294,488.323578,930.641296,306.499023,995.250549,443.071075,653.863281,454.160431,497.89502,398.062897,310.699554,348.164551,119.916138,294.139404,94.583405,487.413025,44.372631
295,489.998444,931.328979,308.25473,995.762329,443.887726,654.41687,454.801147,498.464722,398.668243,311.342377,348.805817,120.578033,294.934143,95.486778,487.432343,44.285885
296,491.618896,932.049683,310.042145,996.473083,444.7565,655.077454,455.485687,499.101807,399.275879,312.044861,349.466736,121.293045,295.753052,96.495064,487.429932,44.182072
297,493.193329,932.811035,311.849579,997.354187,445.669281,655.822205,456.175873,499.796478,399.875183,312.801453,350.137604,122.049736,296.585205,97.599487,487.402069,44.064865
298,494.729828,933.615417,313.65863,998.36322,446.617767,656.623901,456.834473,500.536682,400.454956,313.602203,350.806824,122.833649,297.417542,98.781494,487.347412,43.93935
299,496.235779,934.460083,315.44693,999.448303,447.594208,657.45343,457.429657,501.309326,401.004883,314.433807,351.463074,123.629051,298.237,100.014908,487.267517,43.811684
300,497.717987,935.337891,317.191406,1000.554565,448.592163,658.282166,457.938416,502.101013,401.517273,315.280823,352.09671,124.420624,299.03183,101.268951,487.166901,43.688602
301,499.182068,936.237732,318.870758,1001.629822,449.606598,659.083435,458.348999,502.89798,401.988312,316.127167,352.700897,125.194725,299.792938,102.511963,487.052948,43.576847
302,500.63269,937.146118,320.468658,1002.628906,450.633606,659.834473,458.661652,503.687012,402.418823,316.957153,353.272491,125.940369,300.514557,103.714806,486.934753,43.482502
303,502.073639,938.047729,321.975128,1003.517517,451.670166,660.516968,458.888123,504.454742,402.814148,317.756561,353.811981,126.649559,301.193909,104.853676,486.822266,43.410297
304,503.507202,938.92688,323.387512,1004.273865,452.713409,661.11853,459.049591,505.187927,403.183502,318.513519,354.322662,127.317368,301.83136,105.911629,486.725006,43.36306
305,504.934845,939.76886,324.710083,1004.889343,453.760468,661.632324,459.173767,505.873993,403.538666,319.218781,354.810059,127.941566,302.429749,106.878914,486.650726,43.341324
306,506.356537,940.560425,325.953125,1005.366821,454.807953,662.057739,459.291107,506.500488,403.892303,319.866425,355.28009,128.521973,302.993622,107.752251,486.604706,43.343224
307,507.771149,941.291504,327.131042,1005.718689,455.851532,662.39978,459.431061,507.056305,404.256104,320.453491,355.738495,129.059998,303.528961,108.533447,486.589233,43.364758
308,509.1763,941.955261,328.260071,1005.96405,456.885986,662.668152,459.618713,507.53183,404.639038,320.980438,356.18927,129.558014,304.042175,109.22802,486.603333,43.400322
309,510.568848,942.549072,329.356232,1006.125427,457.905273,662.876526,459.871979,507.919952,405.046204,321.450287,356.634613,130.018967,304.539337,109.844063,486.643341,43.443497
310,511.94458,943.074341,330.433319,1006.22583,458.902344,663.041199,460.199768,508.217041,405.478088,321.868927,357.074341,130.446289,305.025482,110.391624,486.703552,43.487938
311,513.29895,943.536499,331.501343,1006.286377,459.869812,663.179199,460.601135,508.423798,405.93045,322.243866,357.506531,130.843796,305.504059,110.882538,486.777039,43.528152
312,514.626831,943.944702,332.565887,1006.32489,460.800079,663.308167,461.065613,508.546234,406.395203,322.584442,357.927948,131.215881,305.976166,111.330521,486.856598,43.560207
313,515.923706,944.310608,333.627869,1006.355042,461.685822,663.443726,461.574463,508.596466,406.861115,322.900604,358.334961,131.567505,306.440826,111.751053,486.935791,43.582069
314,517.184875,944.647888,334.684174,1006.386047,462.520447,663.599976,462.102448,508.592712,407.315857,323.202545,358.724579,131.904251,306.895264,112.160835,487.009308,43.593716
315,518.406555,944.971191,335.728302,1006.423828,463.298218,663.787537,462.620483,508.558929,407.746887,323.500122,359.094879,132.232193,307.335449,112.576866,487.073822,43.596889
316,519.585815,945.294617,336.752014,1006.471252,464.014832,664.014465,463.098663,508.523529,408.143463,323.802307,359.445831,132.557709,307.757355,113.014885,487.127777,43.594688
317,520.720154,945.631287,337.746399,1006.530273,464.667175,664.285217,463.509003,508.517029,408.497559,324.116638,359.779144,132.886978,308.15799,113.487717,487.171753,43.590946
318,521.808105,945.992065,338.703033,1006.602295,465.253418,664.601868,463.828217,508.569611,408.804626,324.449097,360.098511,133.225662,308.536469,114.003845,487.207977,43.5896
319,522.848328,946.385132,339.615021,1006.689331,465.772766,664.963745,464.040161,508.70752,409.063629,324.803864,360.408875,133.578415,308.894867,114.566399,487.240082,43.594009
320,523.840088,946.815552,340.477234,1006.794556,466.225311,665.368652,464.137177,508.950714,409.277161,325.183411,360.716156,133.948532,309.238312,115.173187,487.272736,43.606468
321,524.782227,947.285278,341.286774,1006.922729,466.611176,665.813477,464.120636,509.309723,409.4505,325.588806,361.026489,134.337845,309.574768,115.81749,487.311127,43.627754
322,525.673645,947.79364,342.042633,1007.079224,466.930664,666.294312,464.000366,509.785004,409.590729,326.019714,361.345642,134.746719,309.914124,116.489639,487.360382,43.657017
323,526.512268,948.337158,342.745056,1007.270325,467.183777,666.807739,463.792938,510.366669,409.705811,326.475098,361.678528,135.174347,310.266937,117.179199,487.425385,43.691807
324,527.295593,948.910767,343.395325,1007.501709,467.370148,667.350342,463.519043,511.036224,409.803711,326.953308,362.028931,135.619171,310.643158,117.876877,487.510101,43.728409
325,528.02063,949.508362,343.99469,1007.778503,467.489075,667.9198,463.200653,511.769287,409.891418,327.452789,362.399323,136.079315,311.050507,118.576355,487.617737,43.762394
326,528.683594,950.123596,344.544373,1008.104065,467.540009,668.514221,462.858032,512.539185,409.97464,327.971893,362.791046,136.55307,311.493561,119.275047,487.749969,43.789337
327,529.281128,950.75061,345.045105,1008.479614,467.522736,669.13208,462.507416,513.320557,410.057373,328.509369,363.204498,137.039352,311.97348,119.97422,487.90741,43.805645
328,529.809998,951.384277,345.497009,1008.904236,467.438232,669.772156,462.159698,514.092468,410.14212,329.064056,363.639404,137.537781,312.488007,120.678101,488.089447,43.809254
329,530.268005,952.020874,345.900055,1009.374756,467.289062,670.4328,461.819977,514.840515,410.22998,329.634827,364.094849,138.048676,313.032257,121.392395,488.294281,43.800228
330,530.654236,952.657837,346.254242,1009.886047,467.079987,671.111816,461.488647,515.557922,410.321075,330.220337,364.569458,138.572693,313.599823,122.122513,488.519135,43.781002
331,530.969482,953.293579,346.560089,1010.430908,466.81839,671.805908,461.163208,516.24469,410.414795,330.818604,365.061066,139.110229,314.183838,122.871773,488.760193,43.756195
332,531.216919,953.927307,346.819427,1011.001465,466.514221,672.510254,460.840302,516.905823,410.509888,331.426605,365.566559,139.660706,314.77774,123.639946,489.013031,43.732059
333,531.40155,954.558105,347.03537,1011.587952,466.180054,673.218384,460.517761,517.549194,410.604553,332.039978,366.080963,140.221909,315.375793,124.422356,489.272217,43.715538
334,531.530884,955.184875,347.212677,1012.180237,465.830261,673.922302,460.195862,518.182373,410.696564,332.653168,366.597473,140.789322,315.972748,125.209572,489.531555,43.71312
335,531.613953,955.804626,347.357605,1012.766724,465.48056,674.612305,459.878265,518.810669,410.782684,333.25885,367.106567,141.355698,316.562958,125.987785,489.78418,43.729671
336,531.661438,956.413391,347.4776,1013.335571,465.146667,675.27771,459.571075,519.434814,410.858917,333.848602,367.596344,141.911194,317.139648,126.739861,490.022491,43.767475
337,531.685059,957.004578,347.580688,1013.873596,464.843292,675.906921,459.281952,520.050415,410.920258,334.413086,368.052887,142.443665,317.694031,127.446831,490.238678,43.825634
338,531.696533,957.57019,347.674652,1014.366882,464.582916,676.488342,459.018311,520.647644,410.960876,334.942505,368.461121,142.939545,318.214661,128.089676,490.424957,43.899971
339,531.707275,958.099915,347.766205,1014.800781,464.374603,677.010742,458.785767,521.212646,410.97464,335.427185,368.806244,143.384857,318.687866,128.651505,490.574127,43.983517
340,531.727417,958.582764,347.860443,1015.160583,464.223419,677.464355,458.586609,521.728516,410.955688,335.858429,369.075165,143.766708,319.098633,129.119232,490.680267,44.067387
341,531.765564,959.007324,347.960175,1015.432129,464.129913,677.841492,458.419495,522.178345,410.899292,336.228851,369.258423,144.074432,319.432098,129.485413,490.739502,44.142036
342,531.828064,959.362976,348.06546,1015.602722,464.090332,678.136719,458.279755,522.546387,410.802521,336.532837,369.351318,144.300858,319.675812,129.748901,490.750092,44.198627
343,531.918762,959.640869,348.174164,1015.662415,464.096863,678.348083,458.160065,522.82074,410.6651,336.767212,369.354919,144.443192,319.821289,129.915085,490.713287,44.230225
344,532.039062,959.835266,348.281769,1015.605347,464.138977,678.476685,458.05249,522.994324,410.489807,336.931305,369.276154,144.50322,319.866302,129.995178,490.632996,44.23275
345,532.187622,959.944214,348.382538,1015.43042,464.204529,678.527466,457.949799,523.066711,410.282532,337.027008,369.127472,144.487427,319.815216,130.004654,490.515656,44.20546
346,532.361084,959.96991,348.470123,1015.143066,464.281189,678.508179,457.847076,523.043213,410.05191,337.058746,368.925476,144.406311,319.679901,129.961334,490.369537,44.150959
347,532.553894,959.919495,348.538544,1014.754639,464.358063,678.429565,457.742859,522.935547,409.808624,337.033234,368.689575,144.273514,319.478088,129.883286,490.204285,44.074696
348,532.759338,959.804565,348.583191,1014.282959,464.426666,678.304626,457.638977,522.760071,409.564606,336.959473,368.439758,144.104736,319.232452,129.787064,490.029877,43.984135
349,532.969543,959.640442,348.601257,1013.751404,464.481934,678.147827,457.540192,522.53656,409.331635,336.848114,368.195343,143.916428,318.967926,129.686478,489.855865,43.887676
350,533.176392,959.445496,348.592285,1013.187744,464.52243,677.974731,457.453186,522.286682,409.120544,336.711273,367.973267,143.724823,318.709534,129.59227,489.690735,43.793556
351,533.372009,959.240051,348.558014,1012.622498,464.55011,677.800476,457.384857,522.031982,408.940277,336.562256,367.787201,143.544907,318.480042,129.512619,489.541473,43.708824
352,533.54895,959.045044,348.502197,1012.086731,464.569733,677.640076,457.340942,521.792725,408.797394,336.414825,367.647339,143.389862,318.298645,129.453964,489.413269,43.638588
353,533.701111,958.880371,348.42981,1011.610046,464.587769,677.507446,457.324982,521.586853,408.695862,336.28302,367.560425,143.270706,318.179626,129.422379,489.309631,43.585571
354,533.823425,958.764099,348.346283,1011.218201,464.611176,677.414856,457.33728,521.429138,408.637207,336.180542,367.530151,143.196213,318.132721,129.424835,489.232513,43.55006
355,533.912231,958.711121,348.256714,1010.931824,464.646057,677.372681,457.375427,521.331177,408.620972,336.120087,367.557953,143.172989,318.163147,129.469742,489.182556,43.530148
356,533.965393,958.732605,348.164734,1010.764954,464.696899,677.389404,457.434387,521.301636,408.645233,336.113098,367.643707,143.20578,318.272614,129.567001,489.159332,43.522289
357,533.982178,958.835449,348.072449,1010.72406,464.765625,677.471191,457.507538,521.346008,408.707214,336.168823,367.78653,143.29747,318.460297,129.727386,489.161621,43.522026
358,533.962952,959.022095,347.979706,1010.808594,464.851685,677.621948,457.588104,521.467957,408.80365,336.294189,367.984741,143.449417,318.72348,129.961319,489.187195,43.524727
359,533.909424,959.290955,347.884399,1011.010498,464.951813,677.843201,457.669891,521.668945,408.931274,336.493073,368.236389,143.661392,319.058319,130.277191,489.233124,43.526279
360,533.824036,959.636902,347.782776,1011.316284,465.060944,678.13385,457.748505,521.948425,409.087128,336.766266,368.539429,143.931595,319.460266,130.680069,489.295441,43.523613
361,533.709961,960.051453,347.670227,1011.707764,465.172882,678.490356,457.821594,522.303894,409.268066,337.111145,368.89093,144.256516,319.92395,131.170654,489.36908,43.514977
362,533.570862,960.524048,347.541718,1012.164001,465.281158,678.906738,457.88916,522.730469,409.4711,337.521698,369.287628,144.630798,320.443207,131.744797,489.447906,43.499962
363,533.410828,961.042175,347.393158,1012.662659,465.379944,679.374573,457.953003,523.220947,409.692871,337.989075,369.725128,145.047226,321.011322,132.393723,489.524841,43.479271
364,533.234314,961.592834,347.221588,1013.182068,465.464935,679.883728,458.016174,523.764832,409.929688,338.501556,370.197937,145.49678,321.620422,133.104874,489.592255,43.454395
365,533.045471,962.162842,347.026031,1013.701294,465.5336,680.421997,458.082367,524.349121,410.177155,339.045502,370.699249,145.968796,322.261932,133.863052,489.642303,43.427086
366,532.848999,962.739136,346.807648,1014.202698,465.585388,680.976379,458.154938,524.957886,410.430267,339.606018,371.221283,146.451385,322.926208,134.65152,489.667755,43.398968
367,532.649353,963.309631,346.569672,1014.670959,465.621582,681.533264,458.236298,525.573608,410.683624,340.167664,371.755005,146.931976,323.60318,135.453186,489.662476,43.37114
368,532.450623,963.863525,346.316864,1015.094299,465.645172,682.079407,458.327515,526.177979,410.931488,340.715637,372.290924,147.398071,324.282532,136.251144,489.62207,43.343979
369,532.256836,964.391663,346.055206,1015.463562,465.659851,682.6026,458.428009,526.75293,411.168274,341.236237,372.819244,147.837845,324.954163,137.029449,489.544281,43.317089
370,532.071777,964.886414,345.790985,1015.772705,465.6698,683.092102,458.535858,527.282532,411.388855,341.717773,373.330627,148.241104,325.608887,137.773376,489.429291,43.289413
371,531.898132,965.342102,345.529877,1016.01825,465.679077,683.539795,458.648041,527.753662,411.58902,342.151398,373.816803,148.599747,326.238983,138.46994,489.27951,43.259453
372,531.738281,965.755066,345.276611,1016.198608,465.690826,683.940125,458.760986,528.157288,411.765839,342.531189,374.27124,148.908432,326.838654,139.108612,489.099457,43.225574
373,531.593445,966.123596,345.034271,1016.314392,465.707367,684.289978,458.870972,528.489258,411.917847,342.854431,374.689575,149.164825,327.403961,139.682327,488.89505,43.186314
374,531.463745,966.447754,344.803772,1016.367798,465.729828,684.589844,458.974945,528.749695,412.045105,343.121704,375.070129,149.369675,327.933411,140.188171,488.673035,43.140598
375,531.348145,966.729797,344.584442,1016.362915,465.758209,684.842285,459.070923,528.943481,412.149261,343.336456,375.413818,149.526535,328.427094,140.628403,488.440155,43.087921
376,531.244446,966.973267,344.373627,1016.30542,465.791656,685.052429,459.15802,529.079102,412.233246,343.5047,375.724304,149.641525,328.887268,141.010376,488.202515,43.028419
377,531.149353,967.183105,344.167572,1016.202576,465.828552,685.22699,459.23703,529.167664,412.300964,343.634094,376.007538,149.722656,329.317505,141.34613,487.965027,42.962761
378,531.058472,967.365356,343.961761,1016.063354,465.866913,685.373901,459.31012,529.222412,412.356873,343.733856,376.271057,149.779037,329.723267,141.651016,487.731171,42.892067
379,530.967041,967.5271,343.751587,1015.897522,465.904724,685.501587,459.380463,529.257568,412.405518,343.813416,376.52356,149.820312,330.111481,141.941879,487.502838,42.817703
380,530.869812,967.675293,343.532776,1015.716431,465.939819,685.618652,459.452087,529.287292,412.450836,343.882355,376.773834,149.855896,330.490479,142.234756,487.28064,42.741108
381,530.761475,967.817261,343.30188,1015.530945,465.970306,685.733032,459.529236,529.325012,412.496216,343.949371,377.030182,149.894287,330.869873,142.543182,487.064301,42.663616
382,530.637512,967.960022,343.056488,1015.35199,465.994507,685.851807,459.615753,529.38324,412.543701,344.022369,377.299805,149.942612,331.259796,142.87677,486.853241,42.586346
383,530.49353,968.110107,342.795258,1015.189758,466.010681,685.981262,459.714569,529.472656,412.594208,344.107727,377.588135,150.006363,331.669769,143.240753,486.647095,42.510178
384,530.326843,968.273132,342.517578,1015.052673,466.017334,686.126221,459.826874,529.60144,412.647278,344.21048,377.898529,150.089218,332.107788,143.636368,486.446167,42.43576
385,530.135376,968.454041,342.223785,1014.947388,466.012665,686.290649,459.952209,529.776062,412.701263,344.33429,378.232452,150.193039,332.578674,144.061951,486.25177,42.363548
386,529.918457,968.657043,341.914429,1014.878723,465.99472,686.477112,460.087891,529.999695,412.753662,344.481445,378.58905,150.318024,333.083618,144.51442,486.066254,42.293911
387,529.676208,968.884949,341.59024,1014.849182,465.961395,686.687683,460.229218,530.273193,412.801453,344.65329,378.966156,150.463165,333.619324,144.990479,485.892853,42.227211
388,529.409607,969.140259,341.251862,1014.859924,465.910492,686.923706,460.369965,530.595276,412.841187,344.850281,379.360168,150.62645,334.178528,145.487778,485.735443,42.163879
389,529.120239,969.424561,340.899689,1014.910217,465.839661,687.185669,460.502991,530.962646,412.86969,345.072296,379.766907,150.805466,334.751068,146.005417,485.597839,42.104385
390,528.809875,969.738892,340.533936,1014.999023,465.746765,687.473999,460.620819,531.370789,412.884033,345.319092,380.182251,150.997574,335.325256,146.543945,485.483917,42.049286
391,528.47998,970.083862,340.154572,1015.124817,465.629944,687.789062,460.716766,531.815186,412.881927,345.590118,380.602478,151.200546,335.889771,147.104843,485.396637,41.999092
392,528.131897,970.459961,339.761414,1015.285828,465.487793,688.13092,460.7854,532.291565,412.861755,345.884949,381.024597,151.412552,336.435059,147.689941,485.338257,41.954266
393,527.766602,970.867188,339.35434,1015.481323,465.319336,688.499451,460.822998,532.797119,412.82251,346.203278,381.446686,151.632401,336.954407,148.300797,485.310303,41.915146
394,527.384338,971.305664,338.933136,1015.710327,465.124054,688.894653,460.827515,533.329773,412.763611,346.544952,381.867767,151.859421,337.444122,148.938431,485.313538,41.88192
395,526.985474,971.77533,338.497894,1015.972717,464.901703,689.316589,460.798157,533.88916,412.684937,346.909912,382.287354,152.093399,337.90271,149.603287,485.348114,41.854668
